{
    "reuter": {
        "accuracy": 0.8237439222042139,
        "precision": 0.8574468085106383,
        "recall": 0.9527186761229315,
        "f1": 0.9025755879059351
    },
    "wp": {
        "accuracy": 0.7562886597938144,
        "precision": 0.8370064279155188,
        "recall": 0.8853812530354541,
        "f1": 0.8605145149870191
    }
}