{
  "train_loss": [
    0.5129930698272467,
    0.4777650706327974,
    0.30998511426473613,
    0.2497808401774699,
    0.22580393051254066
  ],
  "train_acc": [
    0.807738159748564,
    0.8502221740544056,
    0.9308550991654926,
    0.9707380513709765,
    0.9852606480979733
  ],
  "train_f1": [
    0.8924065987384765,
    0.9186580341377281,
    0.9597120484970952,
    0.9827893931667516,
    0.991325424161245
  ],
  "val_loss": [
    0.4929850101470947,
    0.49462335980855504,
    0.36246694991221795,
    0.26480724972027997,
    0.27776234539655537
  ],
  "val_acc": [
    0.8499025341130604,
    0.8508771929824561,
    0.9269005847953217,
    0.9707602339181286,
    0.9736842105263158
  ],
  "val_f1": [
    0.9188619599578504,
    0.9193463363205061,
    0.9553837001784652,
    0.9829931972789115,
    0.9844020797227037
  ],
  "learning_rates": [
    1e-05,
    2e-05,
    1.8891028109356954e-05,
    1.7782056218713902e-05,
    1.667308432807085e-05
  ]
}