{
    "news": {
        "test_metrics": {
            "loss": 0.6717925071716309,
            "accuracy": 0.5937813440320963,
            "precision": 0.6094117647058823,
            "recall": 0.5200803212851406,
            "f1": 0.5612134344528711,
            "auroc": 0.6473569629218276
        },
        "ood_results": {
            "webnovel": {
                "loss": 0.7070259284228086,
                "accuracy": 0.591,
                "precision": 0.7219512195121951,
                "recall": 0.296,
                "f1": 0.4198581560283688,
                "auroc": 0.574168
            },
            "wiki": {
                "loss": 0.7478094007819891,
                "accuracy": 0.6012024048096193,
                "precision": 0.701195219123506,
                "recall": 0.3527054108216433,
                "f1": 0.4693333333333333,
                "auroc": 0.7044550021887462
            }
        }
    },
    "webnovel": {
        "test_metrics": {
            "loss": 0.49622878711670637,
            "accuracy": 0.844,
            "precision": 0.9075829383886256,
            "recall": 0.766,
            "f1": 0.8308026030368764,
            "auroc": 0.914256
        },
        "ood_results": {
            "news": {
                "loss": 1.4153342060744762,
                "accuracy": 0.5205616850551655,
                "precision": 0.5223214285714286,
                "recall": 0.46987951807228917,
                "f1": 0.49471458773784355,
                "auroc": 0.5251366186187636
            },
            "wiki": {
                "loss": 1.7216549590229988,
                "accuracy": 0.47194388777555113,
                "precision": 0.48325358851674644,
                "recall": 0.8096192384769539,
                "f1": 0.6052434456928839,
                "auroc": 0.41632965329456517
            }
        }
    },
    "wiki": {
        "test_metrics": {
            "loss": 0.6120856627821922,
            "accuracy": 0.657314629258517,
            "precision": 0.7017994858611826,
            "recall": 0.5470941883767535,
            "f1": 0.6148648648648649,
            "auroc": 0.7621334854076891
        },
        "ood_results": {
            "news": {
                "loss": 0.7463394310325384,
                "accuracy": 0.5155466399197592,
                "precision": 0.5136612021857924,
                "recall": 0.5662650602409639,
                "f1": 0.5386819484240688,
                "auroc": 0.5431022687946174
            },
            "webnovel": {
                "loss": 0.7745249811559916,
                "accuracy": 0.502,
                "precision": 0.50177304964539,
                "recall": 0.566,
                "f1": 0.5319548872180451,
                "auroc": 0.508038
            }
        }
    }
}