{
  "reuter": {
    "loss": 0.3104585915803909,
    "accuracy": 0.9483333333333334,
    "precision": 0.9444444444444444,
    "recall": 0.9765013054830287,
    "f1": 0.9602053915275995
  },
  "essay": {
    "loss": 0.25124549567699433,
    "accuracy": 0.9833333333333333,
    "precision": 0.9819121447028424,
    "recall": 0.9921671018276762,
    "f1": 0.987012987012987
  },
  "wp": {
    "loss": 0.2164976641535759,
    "accuracy": 0.9983333333333333,
    "precision": 1.0,
    "recall": 0.9973890339425587,
    "f1": 0.9986928104575163
  }
}