{
  "reuter": {
    "essay": {
      "loss": 0.5182491744819441,
      "accuracy": 0.8,
      "precision": 0.9962264150943396,
      "recall": 0.6892950391644909,
      "f1": 0.8148148148148148
    },
    "wp": {
      "loss": 0.2638875928364302,
      "accuracy": 0.985,
      "precision": 0.9844559585492227,
      "recall": 0.9921671018276762,
      "f1": 0.988296488946684
    }
  },
  "essay": {
    "reuter": {
      "loss": 0.4091846864474447,
      "accuracy": 0.885,
      "precision": 0.9410112359550562,
      "recall": 0.8746736292428199,
      "f1": 0.9066305818673883
    },
    "wp": {
      "loss": 0.24394869647527995,
      "accuracy": 0.9866666666666667,
      "precision": 0.9844961240310077,
      "recall": 0.9947780678851175,
      "f1": 0.9896103896103896
    }
  },
  "wp": {
    "reuter": {
      "loss": 0.4057689905166626,
      "accuracy": 0.88,
      "precision": 0.9307479224376731,
      "recall": 0.8772845953002611,
      "f1": 0.9032258064516129
    },
    "essay": {
      "loss": 0.3586949549223247,
      "accuracy": 0.94,
      "precision": 0.9242053789731052,
      "recall": 0.9869451697127938,
      "f1": 0.9545454545454546
    }
  }
}