{
    "test_metrics": {
        "loss": 0.6717925071716309,
        "accuracy": 0.5937813440320963,
        "precision": 0.6094117647058823,
        "recall": 0.5200803212851406,
        "f1": 0.5612134344528711,
        "auroc": 0.6473569629218276
    },
    "ood_results": {
        "webnovel": {
            "loss": 0.7070259284228086,
            "accuracy": 0.591,
            "precision": 0.7219512195121951,
            "recall": 0.296,
            "f1": 0.4198581560283688,
            "auroc": 0.574168
        },
        "wiki": {
            "loss": 0.7478094007819891,
            "accuracy": 0.6012024048096193,
            "precision": 0.701195219123506,
            "recall": 0.3527054108216433,
            "f1": 0.4693333333333333,
            "auroc": 0.7044550021887462
        }
    },
    "training_params": {
        "human_dir": "Project/data/face2_zh_json/human/zh_unicode",
        "generated_dir": "Project/data/face2_zh_json/generated/zh_qwen2",
        "output_dir": "Project/output2/chinese_results",
        "model_name": "hfl/rbtl3",
        "batch_size": 32,
        "num_epochs": 10,
        "learning_rate": 2e-05,
        "max_length": 512,
        "warmup_ratio": 0.1
    }
}