{
    "essay": {
        "accuracy": 0.8397035881435257,
        "precision": 0.8992773261065944,
        "recall": 0.9137218907755851,
        "f1": 0.9064420669246529
    },
    "reuter": {
        "accuracy": 0.7771474878444085,
        "precision": 0.9694061187762447,
        "recall": 0.7640661938534279,
        "f1": 0.854574299312533
    }
}