{
  "train_loss": [
    0.5215722002061732,
    0.4139584515230123,
    0.33182253200055917,
    0.28357826203326164,
    0.25919073290658956
  ],
  "train_acc": [
    0.7972957488254842,
    0.8722355906955426,
    0.9232267675031511,
    0.9526756044459723,
    0.966884381803598
  ],
  "train_f1": [
    0.8852267566340103,
    0.9275644773598389,
    0.9544898790925146,
    0.9721529229316971,
    0.9805085317326498
  ],
  "val_loss": [
    0.4860150760314504,
    0.3490028869910318,
    0.3800712518516134,
    0.2678112216660234,
    0.2880499414244636
  ],
  "val_acc": [
    0.8494845360824742,
    0.9185567010309278,
    0.9329896907216495,
    0.9639175257731959,
    0.9608247422680413
  ],
  "val_f1": [
    0.9186176142697882,
    0.9531157270029673,
    0.9619214997070885,
    0.9787234042553191,
    0.9773809523809524
  ],
  "learning_rates": [
    9.963369963369965e-06,
    1.992673992673993e-05,
    1.8901098901098903e-05,
    1.7794057794057794e-05,
    1.668701668701669e-05
  ]
}