{
    "essay": {
        "in_domain_metrics": {
            "accuracy": 0.9824492979719188,
            "precision": 0.9948979591836735,
            "recall": 0.984396512161542,
            "f1": 0.9896193771626297,
            "auroc": 0.9950400219330922
        },
        "ood_metrics": {
            "reuter": {
                "accuracy": 0.8237439222042139,
                "precision": 0.8574468085106383,
                "recall": 0.9527186761229315,
                "f1": 0.9025755879059351,
                "auroc": 0.6689758168752804
            },
            "wp": {
                "accuracy": 0.7562886597938144,
                "precision": 0.8370064279155188,
                "recall": 0.8853812530354541,
                "f1": 0.8605145149870191,
                "auroc": 0.3251313041239713
            }
        }
    },
    "reuter": {
        "in_domain_metrics": {
            "accuracy": 0.9793354943273906,
            "precision": 0.9813432835820896,
            "recall": 0.9947990543735225,
            "f1": 0.9880253580652736,
            "auroc": 0.9930738887884328
        },
        "ood_metrics": {
            "essay": {
                "accuracy": 0.8490639625585024,
                "precision": 0.8497267759562842,
                "recall": 0.9990821477742083,
                "f1": 0.9183716515503059,
                "auroc": 0.8234594684801201
            },
            "wp": {
                "accuracy": 0.859381443298969,
                "precision": 0.9373727087576375,
                "recall": 0.8941233608547838,
                "f1": 0.9152373850360428,
                "auroc": 0.8838645212143409
            }
        }
    },
    "wp": {
        "in_domain_metrics": {
            "accuracy": 0.9698969072164948,
            "precision": 0.9872423945044161,
            "recall": 0.9771733851384167,
            "f1": 0.982182084452038,
            "auroc": 0.9881315403254273
        },
        "ood_metrics": {
            "essay": {
                "accuracy": 0.8397035881435257,
                "precision": 0.8992773261065944,
                "recall": 0.9137218907755851,
                "f1": 0.9064420669246529,
                "auroc": 0.8114326242825555
            },
            "reuter": {
                "accuracy": 0.7771474878444085,
                "precision": 0.9694061187762447,
                "recall": 0.7640661938534279,
                "f1": 0.854574299312533,
                "auroc": 0.8762126721984477
            }
        }
    }
}