{
    "essay": {
        "accuracy": 0.8490639625585024,
        "precision": 0.8497267759562842,
        "recall": 0.9990821477742083,
        "f1": 0.9183716515503059
    },
    "wp": {
        "accuracy": 0.859381443298969,
        "precision": 0.9373727087576375,
        "recall": 0.8941233608547838,
        "f1": 0.9152373850360428
    }
}