{
  "train_loss": [
    0.48925737489899285,
    0.47196739590425285,
    0.33649104833602905,
    0.24368459428493067,
    0.22881744552752098
  ],
  "train_acc": [
    0.850371537941905,
    0.8570141859941455,
    0.9210763341589732,
    0.9757937401486152,
    0.9842377842828192
  ],
  "train_f1": [
    0.918988113380067,
    0.9230023038680732,
    0.9544716503214912,
    0.985831960461285,
    0.9908100301956151
  ],
  "val_loss": [
    0.5068769269893246,
    0.47814946020803145,
    0.2533784285187721,
    0.2497313342267467,
    0.26749385484764654
  ],
  "val_acc": [
    0.8571428571428571,
    0.8571428571428571,
    0.9645390070921985,
    0.9746707193515705,
    0.9665653495440729
  ],
  "val_f1": [
    0.9230769230769231,
    0.9230769230769231,
    0.9793266391021854,
    0.9854057209573847,
    0.9801084990958409
  ],
  "learning_rates": [
    1e-05,
    2e-05,
    1.888888888888889e-05,
    1.7777777777777777e-05,
    1.6666666666666667e-05
  ]
}