{
  "model_args": {
    "hidden_sizes": [
      1024,
      512,
      256
    ]
  },
  "training_args": {
    "batch_size": 64,
    "num_epochs": 20,
    "learning_rate": 2e-05,
    "weight_decay": 0.01,
    "warmup_ratio": 0.12,
    "output_dir": "Project/outputs\\essay"
  },
  "best_metrics": {
    "loss": 0.2531240075826645,
    "accuracy": 0.9866666666666667,
    "precision": 0.987012987012987,
    "recall": 0.9921671018276762,
    "f1": 0.9895833333333334
  }
}